Datetime (UTC),Country,Zone name,Zone id,Carbon intensity gCO₂eq/kWh (direct),Carbon intensity gCO₂eq/kWh (Life cycle),Carbon-free energy percentage (CFE%),Renewable energy percentage (RE%),Data source,Data estimated,Data estimation method
2024-01-01 00:00:00,USA,USA,US,379.76,450.81,35.84,16.80,,false,
2024-01-02 00:00:00,USA,USA,US,365.18,435.62,37.14,18.59,,false,
2024-01-03 00:00:00,USA,USA,US,394.04,468.57,32.56,13.79,,false,
2024-01-04 00:00:00,USA,USA,US,377.14,449.35,35.46,16.52,,false,
2024-01-05 00:00:00,USA,USA,US,374.89,445.45,36.71,17.95,,false,
2024-01-06 00:00:00,USA,USA,US,385.17,456.55,35.35,15.37,,false,
2024-01-07 00:00:00,USA,USA,US,360.16,427.78,39.60,19.00,,false,
2024-01-08 00:00:00,USA,USA,US,,,,,Data is not complete enough to be published.,,
2024-01-09 00:00:00,USA,USA,US,326.73,390.36,44.60,25.72,,false,
2024-01-10 00:00:00,USA,USA,US,337.50,401.63,43.52,24.71,,false,
2024-01-11 00:00:00,USA,USA,US,354.11,419.13,41.85,23.02,,false,
2024-01-12 00:00:00,USA,USA,US,348.24,411.35,43.49,26.10,,false,
2024-01-13 00:00:00,USA,USA,US,350.09,411.94,44.01,25.73,,false,
2024-01-14 00:00:00,USA,USA,US,383.17,447.56,40.34,22.06,,false,
2024-01-15 00:00:00,USA,USA,US,414.81,485.57,34.18,18.05,,false,
2024-01-16 00:00:00,USA,USA,US,401.97,472.61,35.41,18.86,,false,
2024-01-17 00:00:00,USA,USA,US,399.58,470.06,35.70,21.05,,false,
2024-01-18 00:00:00,USA,USA,US,406.08,476.66,34.99,18.03,,false,
2024-01-19 00:00:00,USA,USA,US,387.22,454.99,38.12,20.91,,false,
2024-01-20 00:00:00,USA,USA,US,418.56,491.43,32.45,16.25,,false,
2024-01-21 00:00:00,USA,USA,US,387.18,456.48,36.97,20.27,,false,
2024-01-22 00:00:00,USA,USA,US,402.86,473.97,34.46,17.54,,false,
2024-01-23 00:00:00,USA,USA,US,418.50,492.18,31.43,12.43,,false,
2024-01-24 00:00:00,USA,USA,US,405.78,479.97,31.70,11.74,,false,
2024-01-25 00:00:00,USA,USA,US,394.60,467.74,33.27,12.85,,false,
2024-01-26 00:00:00,USA,USA,US,380.78,451.11,35.84,15.33,,false,
2024-01-27 00:00:00,USA,USA,US,364.78,432.47,38.85,18.65,,false,
2024-01-28 00:00:00,USA,USA,US,363.89,433.29,37.85,17.88,,false,
2024-01-29 00:00:00,USA,USA,US,359.82,429.42,38.17,19.75,,false,
2024-01-30 00:00:00,USA,USA,US,363.92,434.59,37.46,19.44,,false,
2024-01-31 00:00:00,USA,USA,US,364.77,435.43,37.30,17.61,,false,
2024-02-01 00:00:00,USA,USA,US,323.74,388.33,44.32,24.03,,false,
2024-02-02 00:00:00,USA,USA,US,307.34,369.47,46.91,26.26,,false,
2024-02-03 00:00:00,USA,USA,US,,,,,Data is not complete enough to be published.,,
2024-02-04 00:00:00,USA,USA,US,,,,,Data is not complete enough to be published.,,
2024-02-05 00:00:00,USA,USA,US,,,,,Data is not complete enough to be published.,,
2024-02-06 00:00:00,USA,USA,US,345.90,415.04,39.54,18.83,,false,
2024-02-07 00:00:00,USA,USA,US,308.00,370.99,46.41,27.18,,false,
2024-02-08 00:00:00,USA,USA,US,293.25,353.50,48.98,28.04,,false,
2024-02-09 00:00:00,USA,USA,US,294.05,354.75,48.46,26.78,,false,
2024-02-10 00:00:00,USA,USA,US,316.33,380.12,44.74,21.64,,false,
2024-02-11 00:00:00,USA,USA,US,316.55,380.28,44.87,21.89,,false,
2024-02-12 00:00:00,USA,USA,US,325.43,391.90,42.60,21.22,,false,
2024-02-13 00:00:00,USA,USA,US,,,,,Data is not complete enough to be published.,,
2024-02-14 00:00:00,USA,USA,US,,,,,Data is not complete enough to be published.,,
2024-02-15 00:00:00,USA,USA,US,312.50,377.18,44.90,24.57,,false,
2024-02-16 00:00:00,USA,USA,US,313.72,378.89,44.59,24.40,,false,
2024-02-17 00:00:00,USA,USA,US,308.37,372.64,45.52,26.04,,false,
2024-02-18 00:00:00,USA,USA,US,328.78,398.12,40.86,22.62,,false,
2024-02-19 00:00:00,USA,USA,US,320.46,388.05,42.78,24.54,,false,
2024-02-20 00:00:00,USA,USA,US,330.72,398.92,41.42,21.75,,false,
2024-02-21 00:00:00,USA,USA,US,310.69,375.17,45.30,25.23,,false,
2024-02-22 00:00:00,USA,USA,US,,,,,Data is not complete enough to be published.,,
2024-02-23 00:00:00,USA,USA,US,292.88,355.85,47.46,25.99,,false,
2024-02-24 00:00:00,USA,USA,US,299.31,363.20,46.40,24.23,,false,
2024-02-25 00:00:00,USA,USA,US,282.28,342.67,50.04,28.36,,false,
2024-02-26 00:00:00,USA,USA,US,,,,,Data is not complete enough to be published.,,
2024-02-27 00:00:00,USA,USA,US,267.58,326.67,51.79,31.51,,false,
2024-02-28 00:00:00,USA,USA,US,275.81,336.91,50.01,28.79,,false,
2024-02-29 00:00:00,USA,USA,US,303.73,370.40,44.31,25.64,,false,
2024-03-01 00:00:00,USA,USA,US,294.67,359.51,46.13,26.67,,false,
2024-03-02 00:00:00,USA,USA,US,,,,,Data is not complete enough to be published.,,
2024-03-03 00:00:00,USA,USA,US,254.28,310.87,54.40,32.78,,false,
2024-03-04 00:00:00,USA,USA,US,277.02,338.01,49.75,29.08,,false,
2024-03-05 00:00:00,USA,USA,US,307.12,373.48,44.06,23.83,,false,
2024-03-06 00:00:00,USA,USA,US,318.27,386.45,42.05,21.95,,false,
2024-03-07 00:00:00,USA,USA,US,305.84,371.81,44.30,25.06,,false,
2024-03-08 00:00:00,USA,USA,US,296.64,359.85,46.82,26.30,,false,
2024-03-09 00:00:00,USA,USA,US,286.36,348.52,48.26,27.42,,false,
2024-03-10 00:00:00,USA,USA,US,293.46,358.50,46.29,25.82,,false,
2024-03-11 00:00:00,USA,USA,US,272.14,332.73,50.69,30.46,,false,
2024-03-12 00:00:00,USA,USA,US,270.89,330.43,51.49,30.86,,false,
2024-03-13 00:00:00,USA,USA,US,281.10,342.11,49.81,28.68,,false,
2024-03-14 00:00:00,USA,USA,US,,,,,Data is not complete enough to be published.,,
2024-03-15 00:00:00,USA,USA,US,280.30,342.89,48.51,27.73,,false,
2024-03-16 00:00:00,USA,USA,US,288.50,352.99,46.79,24.88,,false,
2024-03-17 00:00:00,USA,USA,US,278.36,340.81,48.84,27.64,,false,
2024-03-18 00:00:00,USA,USA,US,305.51,372.54,43.99,24.11,,false,
2024-03-19 00:00:00,USA,USA,US,,,,,Data is not complete enough to be published.,,
2024-03-20 00:00:00,USA,USA,US,290.13,354.47,47.00,27.23,,false,
2024-03-21 00:00:00,USA,USA,US,317.94,386.53,42.28,24.05,,false,
2024-03-22 00:00:00,USA,USA,US,311.75,378.94,43.64,24.73,,false,
2024-03-23 00:00:00,USA,USA,US,307.83,373.18,45.29,26.12,,false,
2024-03-24 00:00:00,USA,USA,US,258.17,315.45,54.22,35.03,,false,
2024-03-25 00:00:00,USA,USA,US,268.20,327.19,52.18,33.99,,false,
2024-03-26 00:00:00,USA,USA,US,291.93,354.91,47.81,29.64,,false,
2024-03-27 00:00:00,USA,USA,US,,,,,Data is not complete enough to be published.,,
2024-03-28 00:00:00,USA,USA,US,311.21,378.80,43.27,24.37,,false,
2024-03-29 00:00:00,USA,USA,US,262.68,322.33,52.07,32.33,,false,
2024-03-30 00:00:00,USA,USA,US,273.62,334.19,50.59,29.71,,false,
2024-03-31 00:00:00,USA,USA,US,,,,,Data is not complete enough to be published.,,
2024-04-01 00:00:00,USA,USA,US,,,,,Data is not complete enough to be published.,,
2024-04-02 00:00:00,USA,USA,US,272.25,333.84,49.73,30.07,,false,
2024-04-03 00:00:00,USA,USA,US,286.99,349.39,48.27,29.31,,false,
2024-04-04 00:00:00,USA,USA,US,306.69,372.16,44.99,25.71,,false,
2024-04-05 00:00:00,USA,USA,US,293.18,355.77,47.86,29.19,,false,
2024-04-06 00:00:00,USA,USA,US,,,,,Data is not complete enough to be published.,,
2024-04-07 00:00:00,USA,USA,US,,,,,Data is not complete enough to be published.,,
2024-04-08 00:00:00,USA,USA,US,299.84,363.70,46.62,27.79,,false,
2024-04-09 00:00:00,USA,USA,US,,,,,Data is not complete enough to be published.,,
2024-04-10 00:00:00,USA,USA,US,313.00,378.09,44.79,25.60,,false,
2024-04-11 00:00:00,USA,USA,US,297.68,361.68,46.75,27.67,,false,
2024-04-12 00:00:00,USA,USA,US,,,,,Data is not complete enough to be published.,,
2024-04-13 00:00:00,USA,USA,US,260.91,317.47,54.36,34.67,,false,
2024-04-14 00:00:00,USA,USA,US,269.11,327.60,52.40,32.08,,false,
2024-04-15 00:00:00,USA,USA,US,285.38,347.10,49.09,30.35,,false,
2024-04-16 00:00:00,USA,USA,US,281.61,342.41,50.05,32.12,,false,
2024-04-17 00:00:00,USA,USA,US,305.29,369.82,45.84,27.93,,false,
2024-04-18 00:00:00,USA,USA,US,297.93,362.50,46.45,28.73,,false,
2024-04-19 00:00:00,USA,USA,US,298.44,363.04,46.29,28.00,,false,
2024-04-20 00:00:00,USA,USA,US,282.83,344.66,49.05,29.32,,false,
2024-04-21 00:00:00,USA,USA,US,,,,,Data is not complete enough to be published.,,
2024-04-22 00:00:00,USA,USA,US,280.21,342.06,49.48,30.10,,false,
2024-04-23 00:00:00,USA,USA,US,265.55,324.52,52.45,33.07,,false,
2024-04-24 00:00:00,USA,USA,US,,,,,Data is not complete enough to be published.,,
2024-04-25 00:00:00,USA,USA,US,283.25,344.93,49.27,31.03,,false,
2024-04-26 00:00:00,USA,USA,US,262.58,322.05,52.08,33.34,,false,
2024-04-27 00:00:00,USA,USA,US,259.19,318.34,52.58,33.44,,false,
2024-04-28 00:00:00,USA,USA,US,,,,,Data is not complete enough to be published.,,
2024-04-29 00:00:00,USA,USA,US,314.99,382.55,43.35,24.65,,false,
2024-04-30 00:00:00,USA,USA,US,,,,,Data is not complete enough to be published.,,
2024-05-01 00:00:00,USA,USA,US,,,,,Data is not complete enough to be published.,,
2024-05-02 00:00:00,USA,USA,US,308.39,376.22,43.91,26.08,,false,
2024-05-03 00:00:00,USA,USA,US,320.30,390.02,41.66,23.42,,false,
2024-05-04 00:00:00,USA,USA,US,292.26,357.18,46.67,27.52,,false,
2024-05-05 00:00:00,USA,USA,US,312.40,379.87,43.50,23.65,,false,
2024-05-06 00:00:00,USA,USA,US,284.48,347.45,48.52,29.99,,false,
2024-05-07 00:00:00,USA,USA,US,297.61,362.42,46.39,28.32,,false,
2024-05-08 00:00:00,USA,USA,US,311.85,378.87,43.99,26.26,,false,
2024-05-09 00:00:00,USA,USA,US,,,,,Data is not complete enough to be published.,,
2024-05-10 00:00:00,USA,USA,US,322.18,390.13,42.57,24.13,,false,
2024-05-11 00:00:00,USA,USA,US,309.19,375.14,44.75,25.53,,false,
2024-05-12 00:00:00,USA,USA,US,297.29,360.88,47.19,26.68,,false,
2024-05-13 00:00:00,USA,USA,US,,,,,Data is not complete enough to be published.,,
2024-05-14 00:00:00,USA,USA,US,322.82,391.08,42.32,22.86,,false,
2024-05-15 00:00:00,USA,USA,US,306.98,372.11,45.52,26.52,,false,
2024-05-16 00:00:00,USA,USA,US,325.11,393.09,42.38,23.99,,false,
2024-05-17 00:00:00,USA,USA,US,323.94,391.64,42.72,23.49,,false,
2024-05-18 00:00:00,USA,USA,US,296.41,359.65,47.53,27.69,,false,
2024-05-19 00:00:00,USA,USA,US,,,,,Data is not complete enough to be published.,,
2024-05-20 00:00:00,USA,USA,US,302.48,366.11,46.87,27.58,,false,
2024-05-21 00:00:00,USA,USA,US,302.19,366.23,46.76,28.04,,false,
2024-05-22 00:00:00,USA,USA,US,312.88,377.80,45.02,25.96,,false,
2024-05-23 00:00:00,USA,USA,US,321.35,387.82,43.84,25.73,,false,
2024-05-24 00:00:00,USA,USA,US,304.53,369.50,45.92,27.30,,false,
2024-05-25 00:00:00,USA,USA,US,301.66,366.44,46.24,26.91,,false,
2024-05-26 00:00:00,USA,USA,US,300.50,364.68,46.69,27.60,,false,
2024-05-27 00:00:00,USA,USA,US,320.21,387.71,43.03,23.58,,false,
2024-05-28 00:00:00,USA,USA,US,303.98,369.41,45.54,26.08,,false,
2024-05-29 00:00:00,USA,USA,US,310.92,376.78,44.85,24.87,,false,
2024-05-30 00:00:00,USA,USA,US,296.73,360.47,47.03,26.96,,false,
2024-05-31 00:00:00,USA,USA,US,307.51,373.36,45.00,24.37,,false,
2024-06-01 00:00:00,USA,USA,US,311.77,377.55,44.67,23.21,,false,
2024-06-02 00:00:00,USA,USA,US,289.30,351.61,48.53,26.89,,false,
2024-06-03 00:00:00,USA,USA,US,313.01,379.33,44.44,25.94,,false,
2024-06-04 00:00:00,USA,USA,US,323.46,390.60,43.15,25.08,,false,
2024-06-05 00:00:00,USA,USA,US,333.07,401.68,41.38,23.52,,false,
2024-06-06 00:00:00,USA,USA,US,332.42,400.83,41.67,24.82,,false,
2024-06-07 00:00:00,USA,USA,US,,,,,Data is not complete enough to be published.,,
2024-06-08 00:00:00,USA,USA,US,306.72,370.83,46.02,26.63,,false,
2024-06-09 00:00:00,USA,USA,US,309.85,374.90,45.19,25.84,,false,
2024-06-10 00:00:00,USA,USA,US,322.08,390.23,42.31,23.02,,false,
2024-06-11 00:00:00,USA,USA,US,332.16,401.11,41.16,21.98,,false,
2024-06-12 00:00:00,USA,USA,US,327.57,395.55,42.11,23.26,,false,
2024-06-13 00:00:00,USA,USA,US,331.77,399.56,41.96,24.16,,false,
2024-06-14 00:00:00,USA,USA,US,349.29,418.79,39.72,22.13,,false,
2024-06-15 00:00:00,USA,USA,US,,,,,Data is not complete enough to be published.,,
2024-06-16 00:00:00,USA,USA,US,308.33,370.39,47.47,28.51,,false,
2024-06-17 00:00:00,USA,USA,US,329.56,395.00,43.83,26.76,,false,
2024-06-18 00:00:00,USA,USA,US,326.85,393.43,43.47,27.22,,false,
2024-06-19 00:00:00,USA,USA,US,359.23,429.99,38.31,21.69,,false,
2024-06-20 00:00:00,USA,USA,US,367.92,440.14,36.85,20.02,,false,
2024-06-21 00:00:00,USA,USA,US,361.25,433.01,37.52,21.02,,false,
2024-06-22 00:00:00,USA,USA,US,357.94,428.88,38.15,21.45,,false,
2024-06-23 00:00:00,USA,USA,US,365.92,437.73,36.97,19.89,,false,
2024-06-24 00:00:00,USA,USA,US,361.17,432.56,37.56,21.09,,false,
2024-06-25 00:00:00,USA,USA,US,358.25,428.67,38.28,21.73,,false,
2024-06-26 00:00:00,USA,USA,US,,,,,Data is not complete enough to be published.,,
2024-06-27 00:00:00,USA,USA,US,355.44,425.41,38.85,21.59,,false,
2024-06-28 00:00:00,USA,USA,US,338.73,405.66,41.88,24.44,,false,
2024-06-29 00:00:00,USA,USA,US,348.18,416.08,40.63,23.15,,false,
2024-06-30 00:00:00,USA,USA,US,348.87,417.51,40.17,22.37,,false,
2024-07-01 00:00:00,USA,USA,US,326.37,392.66,43.08,24.92,,false,
2024-07-02 00:00:00,USA,USA,US,326.96,393.84,42.57,24.80,,false,
2024-07-03 00:00:00,USA,USA,US,354.66,425.64,37.86,21.00,,false,
2024-07-04 00:00:00,USA,USA,US,352.15,423.65,37.86,20.55,,false,
2024-07-05 00:00:00,USA,USA,US,352.01,424.48,37.30,20.08,,false,
2024-07-06 00:00:00,USA,USA,US,368.62,442.98,34.91,17.54,,false,
2024-07-07 00:00:00,USA,USA,US,,,,,Data is not complete enough to be published.,,
2024-07-08 00:00:00,USA,USA,US,377.30,452.94,33.55,16.83,,false,
2024-07-09 00:00:00,USA,USA,US,394.08,472.19,30.96,14.90,,false,
2024-07-10 00:00:00,USA,USA,US,386.63,463.05,32.47,16.61,,false,
2024-07-11 00:00:00,USA,USA,US,378.94,454.14,33.60,17.40,,false,
2024-07-12 00:00:00,USA,USA,US,368.55,441.80,35.45,19.02,,false,
2024-07-13 00:00:00,USA,USA,US,,,,,Data is not complete enough to be published.,,
2024-07-14 00:00:00,USA,USA,US,367.48,439.77,36.38,19.94,,false,
2024-07-15 00:00:00,USA,USA,US,375.84,449.29,35.22,19.95,,false,
2024-07-16 00:00:00,USA,USA,US,382.74,457.17,34.33,19.18,,false,
2024-07-17 00:00:00,USA,USA,US,388.31,463.56,33.11,17.40,,false,
2024-07-18 00:00:00,USA,USA,US,380.84,455.64,33.64,16.74,,false,
2024-07-19 00:00:00,USA,USA,US,364.69,438.34,35.33,17.85,,false,
2024-07-20 00:00:00,USA,USA,US,366.40,440.32,35.04,17.11,,false,
2024-07-21 00:00:00,USA,USA,US,375.54,450.43,33.70,15.79,,false,
2024-07-22 00:00:00,USA,USA,US,389.85,466.64,31.44,14.30,,false,
2024-07-23 00:00:00,USA,USA,US,392.74,470.14,30.88,14.06,,false,
2024-07-24 00:00:00,USA,USA,US,389.18,466.01,31.58,15.11,,false,
2024-07-25 00:00:00,USA,USA,US,375.68,450.59,33.66,16.83,,false,
2024-07-26 00:00:00,USA,USA,US,,,,,Data is not complete enough to be published.,,
2024-07-27 00:00:00,USA,USA,US,339.23,409.57,39.39,21.42,,false,
2024-07-28 00:00:00,USA,USA,US,324.04,392.19,41.96,23.84,,false,
2024-07-29 00:00:00,USA,USA,US,353.20,424.69,37.59,21.11,,false,
2024-07-30 00:00:00,USA,USA,US,354.78,426.40,37.50,21.65,,false,
2024-07-31 00:00:00,USA,USA,US,362.83,435.73,36.25,21.11,,false,
2024-08-01 00:00:00,USA,USA,US,381.88,457.28,33.29,18.32,,false,
2024-08-02 00:00:00,USA,USA,US,,,,,Data is not complete enough to be published.,,
2024-08-03 00:00:00,USA,USA,US,386.65,462.94,32.10,16.07,,false,
2024-08-04 00:00:00,USA,USA,US,,,,,Data is not complete enough to be published.,,
2024-08-05 00:00:00,USA,USA,US,378.83,453.86,33.66,17.64,,false,
2024-08-06 00:00:00,USA,USA,US,373.38,447.84,34.32,18.34,,false,
2024-08-07 00:00:00,USA,USA,US,377.42,451.58,33.95,17.25,,false,
2024-08-08 00:00:00,USA,USA,US,,,,,Data is not complete enough to be published.,,
2024-08-09 00:00:00,USA,USA,US,355.60,427.10,37.24,20.35,,false,
2024-08-10 00:00:00,USA,USA,US,,,,,Data is not complete enough to be published.,,
2024-08-11 00:00:00,USA,USA,US,,,,,Data is not complete enough to be published.,,
2024-08-12 00:00:00,USA,USA,US,355.85,427.30,37.17,19.50,,false,
2024-08-13 00:00:00,USA,USA,US,354.28,425.60,37.44,20.49,,false,
2024-08-14 00:00:00,USA,USA,US,344.47,415.12,38.61,21.83,,false,
2024-08-15 00:00:00,USA,USA,US,352.63,424.44,37.22,20.60,,false,
2024-08-16 00:00:00,USA,USA,US,362.95,436.06,35.71,19.25,,false,
2024-08-17 00:00:00,USA,USA,US,362.42,434.75,36.17,19.13,,false,
2024-08-18 00:00:00,USA,USA,US,354.65,426.16,37.33,19.74,,false,
2024-08-19 00:00:00,USA,USA,US,359.12,431.71,36.18,18.92,,false,
2024-08-20 00:00:00,USA,USA,US,346.56,417.41,38.21,20.32,,false,
2024-08-21 00:00:00,USA,USA,US,337.76,406.78,39.98,21.70,,false,
2024-08-22 00:00:00,USA,USA,US,330.78,398.36,41.51,22.98,,false,
2024-08-23 00:00:00,USA,USA,US,331.58,399.93,41.00,22.80,,false,
2024-08-24 00:00:00,USA,USA,US,327.91,396.22,41.35,23.26,,false,
2024-08-25 00:00:00,USA,USA,US,336.56,406.11,39.92,22.20,,false,
2024-08-26 00:00:00,USA,USA,US,,,,,Data is not complete enough to be published.,,
2024-08-27 00:00:00,USA,USA,US,385.22,461.29,32.54,16.76,,false,
2024-08-28 00:00:00,USA,USA,US,380.71,456.51,33.05,17.16,,false,
2024-08-29 00:00:00,USA,USA,US,367.29,441.09,35.17,18.91,,false,
2024-08-30 00:00:00,USA,USA,US,380.37,455.26,33.25,16.29,,false,
2024-08-31 00:00:00,USA,USA,US,372.73,448.20,33.48,16.03,,false,
2024-09-01 00:00:00,USA,USA,US,358.71,432.25,35.57,17.74,,false,
2024-09-02 00:00:00,USA,USA,US,340.73,412.09,38.23,19.64,,false,
2024-09-03 00:00:00,USA,USA,US,342.48,413.60,38.17,19.72,,false,
2024-09-04 00:00:00,USA,USA,US,355.48,428.09,36.13,18.06,,false,
2024-09-05 00:00:00,USA,USA,US,364.64,438.61,34.59,17.18,,false,
2024-09-06 00:00:00,USA,USA,US,356.46,429.53,35.82,18.28,,false,
2024-09-07 00:00:00,USA,USA,US,340.94,411.65,38.42,19.39,,false,
2024-09-08 00:00:00,USA,USA,US,321.57,389.26,41.82,21.90,,false,
2024-09-09 00:00:00,USA,USA,US,323.52,392.69,40.68,22.87,,false,
2024-09-10 00:00:00,USA,USA,US,330.59,400.73,39.64,21.83,,false,
2024-09-11 00:00:00,USA,USA,US,341.31,412.90,38.01,20.20,,false,
2024-09-12 00:00:00,USA,USA,US,328.46,398.56,40.01,22.30,,false,
2024-09-13 00:00:00,USA,USA,US,327.30,396.40,40.77,23.19,,false,
2024-09-14 00:00:00,USA,USA,US,342.10,413.11,38.35,20.38,,false,
2024-09-15 00:00:00,USA,USA,US,342.25,412.77,38.62,20.57,,false,
2024-09-16 00:00:00,USA,USA,US,347.11,418.84,37.45,19.74,,false,
2024-09-17 00:00:00,USA,USA,US,336.31,406.07,39.62,21.92,,false,
2024-09-18 00:00:00,USA,USA,US,330.22,399.24,40.65,23.22,,false,
2024-09-19 00:00:00,USA,USA,US,343.75,414.16,38.78,21.69,,false,
2024-09-20 00:00:00,USA,USA,US,356.87,428.70,36.85,19.85,,false,
2024-09-21 00:00:00,USA,USA,US,343.25,413.02,39.21,21.95,,false,
2024-09-22 00:00:00,USA,USA,US,345.90,415.77,39.02,20.76,,false,
2024-09-23 00:00:00,USA,USA,US,372.56,446.33,34.47,16.60,,false,
2024-09-24 00:00:00,USA,USA,US,379.24,453.63,33.47,15.83,,false,
2024-09-25 00:00:00,USA,USA,US,377.31,450.90,33.95,15.89,,false,
2024-09-26 00:00:00,USA,USA,US,368.15,440.53,35.57,17.35,,false,
2024-09-27 00:00:00,USA,USA,US,369.38,441.36,35.55,17.60,,false,
2024-09-28 00:00:00,USA,USA,US,,,,,Data is not complete enough to be published.,,
2024-09-29 00:00:00,USA,USA,US,,,,,Data is not complete enough to be published.,,
2024-09-30 00:00:00,USA,USA,US,351.75,422.94,37.58,19.85,,false,
2024-10-01 00:00:00,USA,USA,US,345.27,415.57,38.70,21.02,,false,
2024-10-02 00:00:00,USA,USA,US,340.51,410.35,39.29,21.22,,false,
2024-10-03 00:00:00,USA,USA,US,,,,,Data is not complete enough to be published.,,
2024-10-04 00:00:00,USA,USA,US,,,,,Data is not complete enough to be published.,,
2024-10-05 00:00:00,USA,USA,US,331.36,399.58,40.93,23.88,,false,
2024-10-06 00:00:00,USA,USA,US,332.00,399.65,41.26,23.72,,false,
2024-10-07 00:00:00,USA,USA,US,363.68,435.92,35.98,18.46,,false,
2024-10-08 00:00:00,USA,USA,US,363.24,435.08,36.35,18.17,,false,
2024-10-09 00:00:00,USA,USA,US,351.34,421.04,38.59,20.20,,false,
2024-10-10 00:00:00,USA,USA,US,346.47,414.84,39.85,21.28,,false,
2024-10-11 00:00:00,USA,USA,US,329.65,395.57,42.63,24.10,,false,
2024-10-12 00:00:00,USA,USA,US,,,,,Data is not complete enough to be published.,,
2024-10-13 00:00:00,USA,USA,US,317.61,382.34,44.34,26.15,,false,
2024-10-14 00:00:00,USA,USA,US,342.77,411.21,40.11,22.57,,false,
2024-10-15 00:00:00,USA,USA,US,337.07,405.59,40.50,22.93,,false,
2024-10-16 00:00:00,USA,USA,US,326.02,392.14,42.96,24.65,,false,
2024-10-17 00:00:00,USA,USA,US,300.95,363.90,47.00,29.13,,false,
2024-10-18 00:00:00,USA,USA,US,291.68,353.53,48.24,30.22,,false,
2024-10-19 00:00:00,USA,USA,US,301.52,365.40,46.19,27.13,,false,
2024-10-20 00:00:00,USA,USA,US,292.39,355.67,47.14,27.94,,false,
2024-10-21 00:00:00,USA,USA,US,297.21,360.53,46.75,28.39,,false,
2024-10-22 00:00:00,USA,USA,US,321.39,390.18,41.36,24.38,,false,
2024-10-23 00:00:00,USA,USA,US,336.93,407.75,39.10,22.08,,false,
2024-10-24 00:00:00,USA,USA,US,320.88,388.59,42.27,25.45,,false,
2024-10-25 00:00:00,USA,USA,US,325.42,393.98,41.22,23.75,,false,
2024-10-26 00:00:00,USA,USA,US,333.22,402.25,39.97,21.28,,false,
2024-10-27 00:00:00,USA,USA,US,324.79,392.20,41.77,23.40,,false,
2024-10-28 00:00:00,USA,USA,US,299.84,363.89,45.69,27.81,,false,
2024-10-29 00:00:00,USA,USA,US,299.57,362.50,46.39,28.98,,false,
2024-10-30 00:00:00,USA,USA,US,302.71,366.51,45.57,28.02,,false,
2024-10-31 00:00:00,USA,USA,US,326.24,394.35,41.07,23.69,,false,
2024-11-01 00:00:00,USA,USA,US,330.21,398.75,40.68,22.14,,false,
2024-11-02 00:00:00,USA,USA,US,314.50,381.07,43.07,23.75,,false,
2024-11-03 00:00:00,USA,USA,US,,,,,Data is not complete enough to be published.,,
2024-11-04 00:00:00,USA,USA,US,316.01,381.40,43.78,26.03,,false,
2024-11-05 00:00:00,USA,USA,US,,,,,Data is not complete enough to be published.,,
2024-11-06 00:00:00,USA,USA,US,341.55,411.76,38.96,21.20,,false,
2024-11-07 00:00:00,USA,USA,US,349.11,419.75,38.12,20.26,,false,
2024-11-08 00:00:00,USA,USA,US,332.04,401.05,40.35,21.64,,false,
2024-11-09 00:00:00,USA,USA,US,312.89,379.19,43.74,24.37,,false,
2024-11-10 00:00:00,USA,USA,US,318.71,387.64,41.43,21.34,,false,
2024-11-11 00:00:00,USA,USA,US,330.21,400.31,39.77,20.73,,false,
2024-11-12 00:00:00,USA,USA,US,292.96,357.69,46.14,26.79,,false,
2024-11-13 00:00:00,USA,USA,US,292.95,357.49,46.25,26.86,,false,
2024-11-14 00:00:00,USA,USA,US,332.36,400.89,40.93,21.50,,false,
2024-11-15 00:00:00,USA,USA,US,324.00,390.17,43.16,23.23,,false,
2024-11-16 00:00:00,USA,USA,US,,,,,Data is not complete enough to be published.,,
2024-11-17 00:00:00,USA,USA,US,300.02,364.36,45.89,24.27,,false,
2024-11-18 00:00:00,USA,USA,US,301.73,365.07,46.31,25.75,,false,
2024-11-19 00:00:00,USA,USA,US,289.06,351.24,48.04,27.64,,false,
2024-11-20 00:00:00,USA,USA,US,311.33,376.55,44.63,24.90,,false,
2024-11-21 00:00:00,USA,USA,US,323.29,389.39,42.93,23.03,,false,
2024-11-22 00:00:00,USA,USA,US,348.89,417.95,39.29,19.41,,false,
2024-11-23 00:00:00,USA,USA,US,325.82,390.29,44.16,23.45,,false,
2024-11-24 00:00:00,USA,USA,US,295.37,356.06,48.85,27.36,,false,
2024-11-25 00:00:00,USA,USA,US,303.96,367.02,46.49,26.64,,false,
2024-11-26 00:00:00,USA,USA,US,332.19,399.14,41.87,21.24,,false,
2024-11-27 00:00:00,USA,USA,US,336.26,401.95,42.58,22.88,,false,
2024-11-28 00:00:00,USA,USA,US,338.34,402.38,43.34,21.68,,false,
2024-11-29 00:00:00,USA,USA,US,343.22,408.65,42.02,21.32,,false,
2024-11-30 00:00:00,USA,USA,US,346.02,412.07,41.77,21.46,,false,
2024-12-01 00:00:00,USA,USA,US,379.24,449.03,36.86,16.46,,false,
2024-12-02 00:00:00,USA,USA,US,386.78,457.95,35.64,16.84,,false,
2024-12-03 00:00:00,USA,USA,US,,,,,Data is not complete enough to be published.,,
2024-12-04 00:00:00,USA,USA,US,349.34,417.62,40.54,22.34,,false,
2024-12-05 00:00:00,USA,USA,US,360.34,429.62,38.78,20.27,,false,
2024-12-06 00:00:00,USA,USA,US,377.38,449.30,35.91,18.11,,false,
2024-12-07 00:00:00,USA,USA,US,360.65,430.33,38.46,20.49,,false,
2024-12-08 00:00:00,USA,USA,US,323.26,386.98,44.83,24.26,,false,
2024-12-09 00:00:00,USA,USA,US,320.73,383.31,45.60,24.99,,false,
2024-12-10 00:00:00,USA,USA,US,337.59,402.46,42.81,23.25,,false,
2024-12-11 00:00:00,USA,USA,US,344.98,411.77,40.94,21.11,,false,
2024-12-12 00:00:00,USA,USA,US,348.55,415.58,40.97,22.74,,false,
2024-12-13 00:00:00,USA,USA,US,342.85,408.32,42.34,23.43,,false,
2024-12-14 00:00:00,USA,USA,US,340.65,405.90,42.60,23.35,,false,
2024-12-15 00:00:00,USA,USA,US,,,,,Data is not complete enough to be published.,,
2024-12-16 00:00:00,USA,USA,US,324.64,387.30,45.24,24.40,,false,
2024-12-17 00:00:00,USA,USA,US,,,,,Data is not complete enough to be published.,,
2024-12-18 00:00:00,USA,USA,US,,,,,Data is not complete enough to be published.,,
2024-12-19 00:00:00,USA,USA,US,339.53,405.95,41.83,21.97,,false,
2024-12-20 00:00:00,USA,USA,US,348.45,415.79,40.63,21.00,,false,
2024-12-21 00:00:00,USA,USA,US,,,,,Data is not complete enough to be published.,,
2024-12-22 00:00:00,USA,USA,US,328.48,391.17,45.87,25.74,,false,
2024-12-23 00:00:00,USA,USA,US,347.14,412.19,43.07,23.19,,false,
2024-12-24 00:00:00,USA,USA,US,,,,,Data is not complete enough to be published.,,
2024-12-25 00:00:00,USA,USA,US,374.57,442.07,38.77,16.87,,false,
2024-12-26 00:00:00,USA,USA,US,366.08,432.94,39.63,17.42,,false,
2024-12-27 00:00:00,USA,USA,US,346.06,411.42,42.04,21.20,,false,
2024-12-28 00:00:00,USA,USA,US,,,,,Data is not complete enough to be published.,,
2024-12-29 00:00:00,USA,USA,US,,,,,Data is not complete enough to be published.,,
2024-12-30 00:00:00,USA,USA,US,299.81,358.81,49.68,27.73,,false,
2024-12-31 00:00:00,USA,USA,US,299.16,357.65,50.00,27.92,,false,
